gene	set
C1QA	Complement (57 genes)
C1QB	Complement (57 genes)
C1QC	Complement (57 genes)
C1R	Complement (57 genes)
C1S	Complement (57 genes)
C2	Complement (57 genes)
C3	Complement (57 genes)
C4A	Complement (57 genes)
C4B	Complement (57 genes)
C5	Complement (57 genes)
C6	Complement (57 genes)
C7	Complement (57 genes)
C8A	Complement (57 genes)
C8B	Complement (57 genes)
C8G	Complement (57 genes)
C9	Complement (57 genes)
CFB	Complement (57 genes)
CFD	Complement (57 genes)
CFP	Complement (57 genes)
COLEC10	Complement (57 genes)
COLEC11	Complement (57 genes)
FCN1	Complement (57 genes)
FCN2	Complement (57 genes)
FCN3	Complement (57 genes)
MASP1	Complement (57 genes)
MASP2	Complement (57 genes)
MBL2	Complement (57 genes)
C3AR1	Complement (57 genes)
C4BPA	Complement (57 genes)
C4BPB	Complement (57 genes)
C5AR1	Complement (57 genes)
CD46	Complement (57 genes)
CD55	Complement (57 genes)
CD59	Complement (57 genes)
CD93	Complement (57 genes)
CFH	Complement (57 genes)
CFHR1	Complement (57 genes)
CFHR2	Complement (57 genes)
CFHR3	Complement (57 genes)
CFHR4	Complement (57 genes)
CFHR5	Complement (57 genes)
CFI	Complement (57 genes)
CLU	Complement (57 genes)
CR1	Complement (57 genes)
CR2	Complement (57 genes)
CSMD1	Complement (57 genes)
CSMD2	Complement (57 genes)
CSMD3	Complement (57 genes)
ELANE	Complement (57 genes)
F2	Complement (57 genes)
ITGAM	Complement (57 genes)
ITGAX	Complement (57 genes)
ITGB2	Complement (57 genes)
SERPING1	Complement (57 genes)
VSIG4	Complement (57 genes)
VTN	Complement (57 genes)
C5AR2	Complement (57 genes)
C1QA	Complement + C4A PPI STRING (132 genes)
C1QB	Complement + C4A PPI STRING (132 genes)
C1QC	Complement + C4A PPI STRING (132 genes)
C1R	Complement + C4A PPI STRING (132 genes)
C1S	Complement + C4A PPI STRING (132 genes)
C2	Complement + C4A PPI STRING (132 genes)
C3	Complement + C4A PPI STRING (132 genes)
C4A	Complement + C4A PPI STRING (132 genes)
C4B	Complement + C4A PPI STRING (132 genes)
C5	Complement + C4A PPI STRING (132 genes)
C6	Complement + C4A PPI STRING (132 genes)
C7	Complement + C4A PPI STRING (132 genes)
C8A	Complement + C4A PPI STRING (132 genes)
C8B	Complement + C4A PPI STRING (132 genes)
C8G	Complement + C4A PPI STRING (132 genes)
C9	Complement + C4A PPI STRING (132 genes)
CFB	Complement + C4A PPI STRING (132 genes)
CFD	Complement + C4A PPI STRING (132 genes)
CFP	Complement + C4A PPI STRING (132 genes)
COLEC10	Complement + C4A PPI STRING (132 genes)
COLEC11	Complement + C4A PPI STRING (132 genes)
FCN1	Complement + C4A PPI STRING (132 genes)
FCN2	Complement + C4A PPI STRING (132 genes)
FCN3	Complement + C4A PPI STRING (132 genes)
MASP1	Complement + C4A PPI STRING (132 genes)
MASP2	Complement + C4A PPI STRING (132 genes)
MBL2	Complement + C4A PPI STRING (132 genes)
C3AR1	Complement + C4A PPI STRING (132 genes)
C4BPA	Complement + C4A PPI STRING (132 genes)
C4BPB	Complement + C4A PPI STRING (132 genes)
C5AR1	Complement + C4A PPI STRING (132 genes)
CD46	Complement + C4A PPI STRING (132 genes)
CD55	Complement + C4A PPI STRING (132 genes)
CD59	Complement + C4A PPI STRING (132 genes)
CD93	Complement + C4A PPI STRING (132 genes)
CFH	Complement + C4A PPI STRING (132 genes)
CFHR1	Complement + C4A PPI STRING (132 genes)
CFHR2	Complement + C4A PPI STRING (132 genes)
CFHR3	Complement + C4A PPI STRING (132 genes)
CFHR4	Complement + C4A PPI STRING (132 genes)
CFHR5	Complement + C4A PPI STRING (132 genes)
CFI	Complement + C4A PPI STRING (132 genes)
CLU	Complement + C4A PPI STRING (132 genes)
CR1	Complement + C4A PPI STRING (132 genes)
CR2	Complement + C4A PPI STRING (132 genes)
CSMD1	Complement + C4A PPI STRING (132 genes)
CSMD2	Complement + C4A PPI STRING (132 genes)
CSMD3	Complement + C4A PPI STRING (132 genes)
ELANE	Complement + C4A PPI STRING (132 genes)
F2	Complement + C4A PPI STRING (132 genes)
ITGAM	Complement + C4A PPI STRING (132 genes)
ITGAX	Complement + C4A PPI STRING (132 genes)
ITGB2	Complement + C4A PPI STRING (132 genes)
SERPING1	Complement + C4A PPI STRING (132 genes)
VSIG4	Complement + C4A PPI STRING (132 genes)
VTN	Complement + C4A PPI STRING (132 genes)
C5AR2	Complement + C4A PPI STRING (132 genes)
ADAM10	Complement + C4A PPI STRING (132 genes)
AFP	Complement + C4A PPI STRING (132 genes)
AHSG	Complement + C4A PPI STRING (132 genes)
ALB	Complement + C4A PPI STRING (132 genes)
ANO8	Complement + C4A PPI STRING (132 genes)
APLP2	Complement + C4A PPI STRING (132 genes)
APOA1	Complement + C4A PPI STRING (132 genes)
APOA2	Complement + C4A PPI STRING (132 genes)
APOA5	Complement + C4A PPI STRING (132 genes)
APOB	Complement + C4A PPI STRING (132 genes)
APOE	Complement + C4A PPI STRING (132 genes)
APOL1	Complement + C4A PPI STRING (132 genes)
APP	Complement + C4A PPI STRING (132 genes)
BPIFB2	Complement + C4A PPI STRING (132 genes)
CALU	Complement + C4A PPI STRING (132 genes)
CHGB	Complement + C4A PPI STRING (132 genes)
CSF1	Complement + C4A PPI STRING (132 genes)
CST3	Complement + C4A PPI STRING (132 genes)
CYR61	Complement + C4A PPI STRING (132 genes)
DMP1	Complement + C4A PPI STRING (132 genes)
EVA1A	Complement + C4A PPI STRING (132 genes)
F5	Complement + C4A PPI STRING (132 genes)
FAM20A	Complement + C4A PPI STRING (132 genes)
FAM20C	Complement + C4A PPI STRING (132 genes)
FBN1	Complement + C4A PPI STRING (132 genes)
FGA	Complement + C4A PPI STRING (132 genes)
FGG	Complement + C4A PPI STRING (132 genes)
FN1	Complement + C4A PPI STRING (132 genes)
FSTL3	Complement + C4A PPI STRING (132 genes)
FUCA2	Complement + C4A PPI STRING (132 genes)
GAS6	Complement + C4A PPI STRING (132 genes)
HSP90B1	Complement + C4A PPI STRING (132 genes)
IGFBP1	Complement + C4A PPI STRING (132 genes)
IGFBP4	Complement + C4A PPI STRING (132 genes)
IGFBP5	Complement + C4A PPI STRING (132 genes)
IGFBP7	Complement + C4A PPI STRING (132 genes)
IGFPB3	Complement + C4A PPI STRING (132 genes)
IGLL5	Complement + C4A PPI STRING (132 genes)
IL6	Complement + C4A PPI STRING (132 genes)
ITIH2	Complement + C4A PPI STRING (132 genes)
KNG1	Complement + C4A PPI STRING (132 genes)
LAMB1	Complement + C4A PPI STRING (132 genes)
LAMB2	Complement + C4A PPI STRING (132 genes)
LAMC1	Complement + C4A PPI STRING (132 genes)
LGALS1	Complement + C4A PPI STRING (132 genes)
LTBP1	Complement + C4A PPI STRING (132 genes)
MATN3	Complement + C4A PPI STRING (132 genes)
MFGE8	Complement + C4A PPI STRING (132 genes)
MFI2	Complement + C4A PPI STRING (132 genes)
MIA3	Complement + C4A PPI STRING (132 genes)
MSLN	Complement + C4A PPI STRING (132 genes)
MXRA8	Complement + C4A PPI STRING (132 genes)
NOTUM	Complement + C4A PPI STRING (132 genes)
NUCB1	Complement + C4A PPI STRING (132 genes)
P4HB	Complement + C4A PPI STRING (132 genes)
PCSK9	Complement + C4A PPI STRING (132 genes)
PDIA6	Complement + C4A PPI STRING (132 genes)
PNPLA2	Complement + C4A PPI STRING (132 genes)
PRKCSH	Complement + C4A PPI STRING (132 genes)
PROC	Complement + C4A PPI STRING (132 genes)
PRSS23	Complement + C4A PPI STRING (132 genes)
SDC2	Complement + C4A PPI STRING (132 genes)
SERPINA1	Complement + C4A PPI STRING (132 genes)
SERPINA10	Complement + C4A PPI STRING (132 genes)
SERPINC1	Complement + C4A PPI STRING (132 genes)
SERPIND1	Complement + C4A PPI STRING (132 genes)
SPARCL1	Complement + C4A PPI STRING (132 genes)
SPP1	Complement + C4A PPI STRING (132 genes)
SPP2	Complement + C4A PPI STRING (132 genes)
TF	Complement + C4A PPI STRING (132 genes)
TIMP1	Complement + C4A PPI STRING (132 genes)
TNC	Complement + C4A PPI STRING (132 genes)
VCAN	Complement + C4A PPI STRING (132 genes)
VGF	Complement + C4A PPI STRING (132 genes)
VWA1	Complement + C4A PPI STRING (132 genes)
C1QA	Complement + C4A PPI InWeb (67 genes)
C1QB	Complement + C4A PPI InWeb (67 genes)
C1QC	Complement + C4A PPI InWeb (67 genes)
C1R	Complement + C4A PPI InWeb (67 genes)
C1S	Complement + C4A PPI InWeb (67 genes)
C2	Complement + C4A PPI InWeb (67 genes)
C3	Complement + C4A PPI InWeb (67 genes)
C4A	Complement + C4A PPI InWeb (67 genes)
C4B	Complement + C4A PPI InWeb (67 genes)
C5	Complement + C4A PPI InWeb (67 genes)
C6	Complement + C4A PPI InWeb (67 genes)
C7	Complement + C4A PPI InWeb (67 genes)
C8A	Complement + C4A PPI InWeb (67 genes)
C8B	Complement + C4A PPI InWeb (67 genes)
C8G	Complement + C4A PPI InWeb (67 genes)
C9	Complement + C4A PPI InWeb (67 genes)
CFB	Complement + C4A PPI InWeb (67 genes)
CFD	Complement + C4A PPI InWeb (67 genes)
CFP	Complement + C4A PPI InWeb (67 genes)
COLEC10	Complement + C4A PPI InWeb (67 genes)
COLEC11	Complement + C4A PPI InWeb (67 genes)
FCN1	Complement + C4A PPI InWeb (67 genes)
FCN2	Complement + C4A PPI InWeb (67 genes)
FCN3	Complement + C4A PPI InWeb (67 genes)
MASP1	Complement + C4A PPI InWeb (67 genes)
MASP2	Complement + C4A PPI InWeb (67 genes)
MBL2	Complement + C4A PPI InWeb (67 genes)
C3AR1	Complement + C4A PPI InWeb (67 genes)
C4BPA	Complement + C4A PPI InWeb (67 genes)
C4BPB	Complement + C4A PPI InWeb (67 genes)
C5AR1	Complement + C4A PPI InWeb (67 genes)
CD46	Complement + C4A PPI InWeb (67 genes)
CD55	Complement + C4A PPI InWeb (67 genes)
CD59	Complement + C4A PPI InWeb (67 genes)
CD93	Complement + C4A PPI InWeb (67 genes)
CFH	Complement + C4A PPI InWeb (67 genes)
CFHR1	Complement + C4A PPI InWeb (67 genes)
CFHR2	Complement + C4A PPI InWeb (67 genes)
CFHR3	Complement + C4A PPI InWeb (67 genes)
CFHR4	Complement + C4A PPI InWeb (67 genes)
CFHR5	Complement + C4A PPI InWeb (67 genes)
CFI	Complement + C4A PPI InWeb (67 genes)
CLU	Complement + C4A PPI InWeb (67 genes)
CR1	Complement + C4A PPI InWeb (67 genes)
CR2	Complement + C4A PPI InWeb (67 genes)
CSMD1	Complement + C4A PPI InWeb (67 genes)
CSMD2	Complement + C4A PPI InWeb (67 genes)
CSMD3	Complement + C4A PPI InWeb (67 genes)
ELANE	Complement + C4A PPI InWeb (67 genes)
F2	Complement + C4A PPI InWeb (67 genes)
ITGAM	Complement + C4A PPI InWeb (67 genes)
ITGAX	Complement + C4A PPI InWeb (67 genes)
ITGB2	Complement + C4A PPI InWeb (67 genes)
SERPING1	Complement + C4A PPI InWeb (67 genes)
VSIG4	Complement + C4A PPI InWeb (67 genes)
VTN	Complement + C4A PPI InWeb (67 genes)
C5AR2	Complement + C4A PPI InWeb (67 genes)
C4B_2	Complement + C4A PPI InWeb (67 genes)
IGHG1	Complement + C4A PPI InWeb (67 genes)
IGHG2	Complement + C4A PPI InWeb (67 genes)
IGHG4	Complement + C4A PPI InWeb (67 genes)
IGKC	Complement + C4A PPI InWeb (67 genes)
IGKV3-11	Complement + C4A PPI InWeb (67 genes)
IGKV3-20	Complement + C4A PPI InWeb (67 genes)
IGKV4-1	Complement + C4A PPI InWeb (67 genes)
IGKV5-2	Complement + C4A PPI InWeb (67 genes)
IGLL5	Complement + C4A PPI InWeb (67 genes)
C1QA	Complement + Complement PPI InWeb (545 genes)
C1QB	Complement + Complement PPI InWeb (545 genes)
C1QC	Complement + Complement PPI InWeb (545 genes)
C1R	Complement + Complement PPI InWeb (545 genes)
C1S	Complement + Complement PPI InWeb (545 genes)
C2	Complement + Complement PPI InWeb (545 genes)
C3	Complement + Complement PPI InWeb (545 genes)
C4A	Complement + Complement PPI InWeb (545 genes)
C4B	Complement + Complement PPI InWeb (545 genes)
C5	Complement + Complement PPI InWeb (545 genes)
C6	Complement + Complement PPI InWeb (545 genes)
C7	Complement + Complement PPI InWeb (545 genes)
C8A	Complement + Complement PPI InWeb (545 genes)
C8B	Complement + Complement PPI InWeb (545 genes)
C8G	Complement + Complement PPI InWeb (545 genes)
C9	Complement + Complement PPI InWeb (545 genes)
CFB	Complement + Complement PPI InWeb (545 genes)
CFD	Complement + Complement PPI InWeb (545 genes)
CFP	Complement + Complement PPI InWeb (545 genes)
COLEC10	Complement + Complement PPI InWeb (545 genes)
COLEC11	Complement + Complement PPI InWeb (545 genes)
FCN1	Complement + Complement PPI InWeb (545 genes)
FCN2	Complement + Complement PPI InWeb (545 genes)
FCN3	Complement + Complement PPI InWeb (545 genes)
MASP1	Complement + Complement PPI InWeb (545 genes)
MASP2	Complement + Complement PPI InWeb (545 genes)
MBL2	Complement + Complement PPI InWeb (545 genes)
C3AR1	Complement + Complement PPI InWeb (545 genes)
C4BPA	Complement + Complement PPI InWeb (545 genes)
C4BPB	Complement + Complement PPI InWeb (545 genes)
C5AR1	Complement + Complement PPI InWeb (545 genes)
CD46	Complement + Complement PPI InWeb (545 genes)
CD55	Complement + Complement PPI InWeb (545 genes)
CD59	Complement + Complement PPI InWeb (545 genes)
CD93	Complement + Complement PPI InWeb (545 genes)
CFH	Complement + Complement PPI InWeb (545 genes)
CFHR1	Complement + Complement PPI InWeb (545 genes)
CFHR2	Complement + Complement PPI InWeb (545 genes)
CFHR3	Complement + Complement PPI InWeb (545 genes)
CFHR4	Complement + Complement PPI InWeb (545 genes)
CFHR5	Complement + Complement PPI InWeb (545 genes)
CFI	Complement + Complement PPI InWeb (545 genes)
CLU	Complement + Complement PPI InWeb (545 genes)
CR1	Complement + Complement PPI InWeb (545 genes)
CR2	Complement + Complement PPI InWeb (545 genes)
CSMD1	Complement + Complement PPI InWeb (545 genes)
CSMD2	Complement + Complement PPI InWeb (545 genes)
CSMD3	Complement + Complement PPI InWeb (545 genes)
ELANE	Complement + Complement PPI InWeb (545 genes)
F2	Complement + Complement PPI InWeb (545 genes)
ITGAM	Complement + Complement PPI InWeb (545 genes)
ITGAX	Complement + Complement PPI InWeb (545 genes)
ITGB2	Complement + Complement PPI InWeb (545 genes)
SERPING1	Complement + Complement PPI InWeb (545 genes)
VSIG4	Complement + Complement PPI InWeb (545 genes)
VTN	Complement + Complement PPI InWeb (545 genes)
C5AR2	Complement + Complement PPI InWeb (545 genes)
ACKR3	Complement + Complement PPI InWeb (545 genes)
ADORA1	Complement + Complement PPI InWeb (545 genes)
ADRA1A	Complement + Complement PPI InWeb (545 genes)
ADRA1B	Complement + Complement PPI InWeb (545 genes)
ADRA1D	Complement + Complement PPI InWeb (545 genes)
ADRA2A	Complement + Complement PPI InWeb (545 genes)
ADRA2B	Complement + Complement PPI InWeb (545 genes)
ADRA2C	Complement + Complement PPI InWeb (545 genes)
AGT	Complement + Complement PPI InWeb (545 genes)
AGTR1	Complement + Complement PPI InWeb (545 genes)
AGTR2	Complement + Complement PPI InWeb (545 genes)
ANK1	Complement + Complement PPI InWeb (545 genes)
ANK2	Complement + Complement PPI InWeb (545 genes)
ANK3	Complement + Complement PPI InWeb (545 genes)
ANXA1	Complement + Complement PPI InWeb (545 genes)
AP2A1	Complement + Complement PPI InWeb (545 genes)
AP2B1	Complement + Complement PPI InWeb (545 genes)
AP2S1	Complement + Complement PPI InWeb (545 genes)
APLN	Complement + Complement PPI InWeb (545 genes)
APLNR	Complement + Complement PPI InWeb (545 genes)
APP	Complement + Complement PPI InWeb (545 genes)
ARCN1	Complement + Complement PPI InWeb (545 genes)
AREG	Complement + Complement PPI InWeb (545 genes)
ARF4	Complement + Complement PPI InWeb (545 genes)
ARFGAP1	Complement + Complement PPI InWeb (545 genes)
ARFGAP2	Complement + Complement PPI InWeb (545 genes)
ARFGAP3	Complement + Complement PPI InWeb (545 genes)
AVP	Complement + Complement PPI InWeb (545 genes)
AVPR1A	Complement + Complement PPI InWeb (545 genes)
AVPR1B	Complement + Complement PPI InWeb (545 genes)
B3GALTL	Complement + Complement PPI InWeb (545 genes)
BAX	Complement + Complement PPI InWeb (545 genes)
BDKRB1	Complement + Complement PPI InWeb (545 genes)
BDKRB2	Complement + Complement PPI InWeb (545 genes)
BET1	Complement + Complement PPI InWeb (545 genes)
BET1L	Complement + Complement PPI InWeb (545 genes)
C4B_2	Complement + Complement PPI InWeb (545 genes)
CASR	Complement + Complement PPI InWeb (545 genes)
CBLB	Complement + Complement PPI InWeb (545 genes)
CCK	Complement + Complement PPI InWeb (545 genes)
CCKAR	Complement + Complement PPI InWeb (545 genes)
CCKBR	Complement + Complement PPI InWeb (545 genes)
CCL16	Complement + Complement PPI InWeb (545 genes)
CCL19	Complement + Complement PPI InWeb (545 genes)
CCL20	Complement + Complement PPI InWeb (545 genes)
CCL21	Complement + Complement PPI InWeb (545 genes)
CCL23	Complement + Complement PPI InWeb (545 genes)
CCL25	Complement + Complement PPI InWeb (545 genes)
CCL27	Complement + Complement PPI InWeb (545 genes)
CCL28	Complement + Complement PPI InWeb (545 genes)
CCL5	Complement + Complement PPI InWeb (545 genes)
CCR1	Complement + Complement PPI InWeb (545 genes)
CCR10	Complement + Complement PPI InWeb (545 genes)
CCR2	Complement + Complement PPI InWeb (545 genes)
CCR3	Complement + Complement PPI InWeb (545 genes)
CCR4	Complement + Complement PPI InWeb (545 genes)
CCR5	Complement + Complement PPI InWeb (545 genes)
CCR6	Complement + Complement PPI InWeb (545 genes)
CCR7	Complement + Complement PPI InWeb (545 genes)
CCR8	Complement + Complement PPI InWeb (545 genes)
CCR9	Complement + Complement PPI InWeb (545 genes)
CD14	Complement + Complement PPI InWeb (545 genes)
CD19	Complement + Complement PPI InWeb (545 genes)
CD81	Complement + Complement PPI InWeb (545 genes)
CD97	Complement + Complement PPI InWeb (545 genes)
CHRM1	Complement + Complement PPI InWeb (545 genes)
CHRM2	Complement + Complement PPI InWeb (545 genes)
CHRM3	Complement + Complement PPI InWeb (545 genes)
CHRM4	Complement + Complement PPI InWeb (545 genes)
CHRM5	Complement + Complement PPI InWeb (545 genes)
CNIH1	Complement + Complement PPI InWeb (545 genes)
CNIH2	Complement + Complement PPI InWeb (545 genes)
CNIH3	Complement + Complement PPI InWeb (545 genes)
CNR1	Complement + Complement PPI InWeb (545 genes)
CNR2	Complement + Complement PPI InWeb (545 genes)
COG1	Complement + Complement PPI InWeb (545 genes)
COG2	Complement + Complement PPI InWeb (545 genes)
COG3	Complement + Complement PPI InWeb (545 genes)
COG4	Complement + Complement PPI InWeb (545 genes)
COG5	Complement + Complement PPI InWeb (545 genes)
COG6	Complement + Complement PPI InWeb (545 genes)
COG7	Complement + Complement PPI InWeb (545 genes)
COG8	Complement + Complement PPI InWeb (545 genes)
COL7A1	Complement + Complement PPI InWeb (545 genes)
COPA	Complement + Complement PPI InWeb (545 genes)
COPB1	Complement + Complement PPI InWeb (545 genes)
COPB2	Complement + Complement PPI InWeb (545 genes)
COPE	Complement + Complement PPI InWeb (545 genes)
COPG1	Complement + Complement PPI InWeb (545 genes)
COPG2	Complement + Complement PPI InWeb (545 genes)
COPZ1	Complement + Complement PPI InWeb (545 genes)
COPZ2	Complement + Complement PPI InWeb (545 genes)
CORT	Complement + Complement PPI InWeb (545 genes)
CRP	Complement + Complement PPI InWeb (545 genes)
CSNK1D	Complement + Complement PPI InWeb (545 genes)
CTSC	Complement + Complement PPI InWeb (545 genes)
CTSZ	Complement + Complement PPI InWeb (545 genes)
CXCL1	Complement + Complement PPI InWeb (545 genes)
CXCL10	Complement + Complement PPI InWeb (545 genes)
CXCL11	Complement + Complement PPI InWeb (545 genes)
CXCL12	Complement + Complement PPI InWeb (545 genes)
CXCL13	Complement + Complement PPI InWeb (545 genes)
CXCL16	Complement + Complement PPI InWeb (545 genes)
CXCL2	Complement + Complement PPI InWeb (545 genes)
CXCL3	Complement + Complement PPI InWeb (545 genes)
CXCL5	Complement + Complement PPI InWeb (545 genes)
CXCL6	Complement + Complement PPI InWeb (545 genes)
CXCL9	Complement + Complement PPI InWeb (545 genes)
CXCR1	Complement + Complement PPI InWeb (545 genes)
CXCR2	Complement + Complement PPI InWeb (545 genes)
CXCR3	Complement + Complement PPI InWeb (545 genes)
CXCR4	Complement + Complement PPI InWeb (545 genes)
CXCR5	Complement + Complement PPI InWeb (545 genes)
CXCR6	Complement + Complement PPI InWeb (545 genes)
CYSLTR1	Complement + Complement PPI InWeb (545 genes)
CYSLTR2	Complement + Complement PPI InWeb (545 genes)
CYTH1	Complement + Complement PPI InWeb (545 genes)
DCTN1	Complement + Complement PPI InWeb (545 genes)
DCTN2	Complement + Complement PPI InWeb (545 genes)
DCTN3	Complement + Complement PPI InWeb (545 genes)
DCTN4	Complement + Complement PPI InWeb (545 genes)
DCTN5	Complement + Complement PPI InWeb (545 genes)
DCTN6	Complement + Complement PPI InWeb (545 genes)
DRD2	Complement + Complement PPI InWeb (545 genes)
DRD3	Complement + Complement PPI InWeb (545 genes)
DRD4	Complement + Complement PPI InWeb (545 genes)
DYNC1H1	Complement + Complement PPI InWeb (545 genes)
DYNC1I1	Complement + Complement PPI InWeb (545 genes)
DYNC1I2	Complement + Complement PPI InWeb (545 genes)
DYNC1LI2	Complement + Complement PPI InWeb (545 genes)
DYNC2H1	Complement + Complement PPI InWeb (545 genes)
DYNC2LI1	Complement + Complement PPI InWeb (545 genes)
DYNLL1	Complement + Complement PPI InWeb (545 genes)
DYNLL2	Complement + Complement PPI InWeb (545 genes)
EDN1	Complement + Complement PPI InWeb (545 genes)
EDN2	Complement + Complement PPI InWeb (545 genes)
EDN3	Complement + Complement PPI InWeb (545 genes)
EDNRA	Complement + Complement PPI InWeb (545 genes)
EDNRB	Complement + Complement PPI InWeb (545 genes)
EFEMP1	Complement + Complement PPI InWeb (545 genes)
EFEMP2	Complement + Complement PPI InWeb (545 genes)
EGFR	Complement + Complement PPI InWeb (545 genes)
F10	Complement + Complement PPI InWeb (545 genes)
F11	Complement + Complement PPI InWeb (545 genes)
F11R	Complement + Complement PPI InWeb (545 genes)
F12	Complement + Complement PPI InWeb (545 genes)
F13A1	Complement + Complement PPI InWeb (545 genes)
F13B	Complement + Complement PPI InWeb (545 genes)
F2R	Complement + Complement PPI InWeb (545 genes)
F2RL1	Complement + Complement PPI InWeb (545 genes)
F2RL2	Complement + Complement PPI InWeb (545 genes)
F2RL3	Complement + Complement PPI InWeb (545 genes)
F5	Complement + Complement PPI InWeb (545 genes)
F8	Complement + Complement PPI InWeb (545 genes)
FBLN1	Complement + Complement PPI InWeb (545 genes)
FBLN2	Complement + Complement PPI InWeb (545 genes)
FBLN5	Complement + Complement PPI InWeb (545 genes)
FFAR1	Complement + Complement PPI InWeb (545 genes)
FFAR2	Complement + Complement PPI InWeb (545 genes)
FFAR3	Complement + Complement PPI InWeb (545 genes)
FGA	Complement + Complement PPI InWeb (545 genes)
FGB	Complement + Complement PPI InWeb (545 genes)
FGG	Complement + Complement PPI InWeb (545 genes)
FOLR1	Complement + Complement PPI InWeb (545 genes)
FPR1	Complement + Complement PPI InWeb (545 genes)
FPR2	Complement + Complement PPI InWeb (545 genes)
FPR3	Complement + Complement PPI InWeb (545 genes)
FURIN	Complement + Complement PPI InWeb (545 genes)
GABBR1	Complement + Complement PPI InWeb (545 genes)
GABBR2	Complement + Complement PPI InWeb (545 genes)
GAL	Complement + Complement PPI InWeb (545 genes)
GALR1	Complement + Complement PPI InWeb (545 genes)
GALR2	Complement + Complement PPI InWeb (545 genes)
GALR3	Complement + Complement PPI InWeb (545 genes)
GAST	Complement + Complement PPI InWeb (545 genes)
GBF1	Complement + Complement PPI InWeb (545 genes)
GCG	Complement + Complement PPI InWeb (545 genes)
GCGR	Complement + Complement PPI InWeb (545 genes)
GGCX	Complement + Complement PPI InWeb (545 genes)
GHRL	Complement + Complement PPI InWeb (545 genes)
GHSR	Complement + Complement PPI InWeb (545 genes)
GNA11	Complement + Complement PPI InWeb (545 genes)
GNA14	Complement + Complement PPI InWeb (545 genes)
GNA15	Complement + Complement PPI InWeb (545 genes)
GNAI1	Complement + Complement PPI InWeb (545 genes)
GNAI2	Complement + Complement PPI InWeb (545 genes)
GNAI3	Complement + Complement PPI InWeb (545 genes)
GNAQ	Complement + Complement PPI InWeb (545 genes)
GNAT3	Complement + Complement PPI InWeb (545 genes)
GNB1	Complement + Complement PPI InWeb (545 genes)
GNG2	Complement + Complement PPI InWeb (545 genes)
GNRH1	Complement + Complement PPI InWeb (545 genes)
GNRH2	Complement + Complement PPI InWeb (545 genes)
GNRHR	Complement + Complement PPI InWeb (545 genes)
GOLGA2	Complement + Complement PPI InWeb (545 genes)
GOLGB1	Complement + Complement PPI InWeb (545 genes)
GORASP1	Complement + Complement PPI InWeb (545 genes)
GOSR1	Complement + Complement PPI InWeb (545 genes)
GOSR2	Complement + Complement PPI InWeb (545 genes)
GP1BA	Complement + Complement PPI InWeb (545 genes)
GP1BB	Complement + Complement PPI InWeb (545 genes)
GP5	Complement + Complement PPI InWeb (545 genes)
GP9	Complement + Complement PPI InWeb (545 genes)
GPER1	Complement + Complement PPI InWeb (545 genes)
GPR132	Complement + Complement PPI InWeb (545 genes)
GPR17	Complement + Complement PPI InWeb (545 genes)
GPR18	Complement + Complement PPI InWeb (545 genes)
GPR4	Complement + Complement PPI InWeb (545 genes)
GPR55	Complement + Complement PPI InWeb (545 genes)
GPR65	Complement + Complement PPI InWeb (545 genes)
GPR68	Complement + Complement PPI InWeb (545 genes)
GPRC6A	Complement + Complement PPI InWeb (545 genes)
GRB2	Complement + Complement PPI InWeb (545 genes)
GRIA1	Complement + Complement PPI InWeb (545 genes)
GRM1	Complement + Complement PPI InWeb (545 genes)
GRM2	Complement + Complement PPI InWeb (545 genes)
GRM3	Complement + Complement PPI InWeb (545 genes)
GRM4	Complement + Complement PPI InWeb (545 genes)
GRM5	Complement + Complement PPI InWeb (545 genes)
GRM6	Complement + Complement PPI InWeb (545 genes)
GRM7	Complement + Complement PPI InWeb (545 genes)
GRM8	Complement + Complement PPI InWeb (545 genes)
GRP	Complement + Complement PPI InWeb (545 genes)
GRPR	Complement + Complement PPI InWeb (545 genes)
HCAR1	Complement + Complement PPI InWeb (545 genes)
HCAR2	Complement + Complement PPI InWeb (545 genes)
HCAR3	Complement + Complement PPI InWeb (545 genes)
HCRT	Complement + Complement PPI InWeb (545 genes)
HCRTR1	Complement + Complement PPI InWeb (545 genes)
HCRTR2	Complement + Complement PPI InWeb (545 genes)
HEBP1	Complement + Complement PPI InWeb (545 genes)
HIST3H3	Complement + Complement PPI InWeb (545 genes)
HRH1	Complement + Complement PPI InWeb (545 genes)
HRH3	Complement + Complement PPI InWeb (545 genes)
HRH4	Complement + Complement PPI InWeb (545 genes)
HTR1A	Complement + Complement PPI InWeb (545 genes)
HTR1B	Complement + Complement PPI InWeb (545 genes)
HTR1D	Complement + Complement PPI InWeb (545 genes)
HTR1E	Complement + Complement PPI InWeb (545 genes)
HTR1F	Complement + Complement PPI InWeb (545 genes)
HTR2A	Complement + Complement PPI InWeb (545 genes)
HTR2B	Complement + Complement PPI InWeb (545 genes)
HTR2C	Complement + Complement PPI InWeb (545 genes)
HTR5A	Complement + Complement PPI InWeb (545 genes)
ICAM1	Complement + Complement PPI InWeb (545 genes)
ICAM2	Complement + Complement PPI InWeb (545 genes)
ICAM3	Complement + Complement PPI InWeb (545 genes)
ICAM4	Complement + Complement PPI InWeb (545 genes)
ICAM5	Complement + Complement PPI InWeb (545 genes)
IFITM1	Complement + Complement PPI InWeb (545 genes)
IGF1	Complement + Complement PPI InWeb (545 genes)
IGF2	Complement + Complement PPI InWeb (545 genes)
IGFALS	Complement + Complement PPI InWeb (545 genes)
IGFBP3	Complement + Complement PPI InWeb (545 genes)
IGHG1	Complement + Complement PPI InWeb (545 genes)
IGHG2	Complement + Complement PPI InWeb (545 genes)
IGHG4	Complement + Complement PPI InWeb (545 genes)
IGKC	Complement + Complement PPI InWeb (545 genes)
IGKV3-11	Complement + Complement PPI InWeb (545 genes)
IGKV3-20	Complement + Complement PPI InWeb (545 genes)
IGKV4-1	Complement + Complement PPI InWeb (545 genes)
IGKV5-2	Complement + Complement PPI InWeb (545 genes)
IGLL5	Complement + Complement PPI InWeb (545 genes)
IL8	Complement + Complement PPI InWeb (545 genes)
INS	Complement + Complement PPI InWeb (545 genes)
INSL5	Complement + Complement PPI InWeb (545 genes)
IQGAP1	Complement + Complement PPI InWeb (545 genes)
ITGA2B	Complement + Complement PPI InWeb (545 genes)
ITGAD	Complement + Complement PPI InWeb (545 genes)
ITGAL	Complement + Complement PPI InWeb (545 genes)
ITGAV	Complement + Complement PPI InWeb (545 genes)
ITGB1	Complement + Complement PPI InWeb (545 genes)
ITGB3	Complement + Complement PPI InWeb (545 genes)
ITGB5	Complement + Complement PPI InWeb (545 genes)
ITGB8	Complement + Complement PPI InWeb (545 genes)
JAM3	Complement + Complement PPI InWeb (545 genes)
KDELR1	Complement + Complement PPI InWeb (545 genes)
KISS1	Complement + Complement PPI InWeb (545 genes)
KISS1R	Complement + Complement PPI InWeb (545 genes)
KLKB1	Complement + Complement PPI InWeb (545 genes)
KNG1	Complement + Complement PPI InWeb (545 genes)
KRT17	Complement + Complement PPI InWeb (545 genes)
KRT18	Complement + Complement PPI InWeb (545 genes)
KRT7	Complement + Complement PPI InWeb (545 genes)
LMAN1	Complement + Complement PPI InWeb (545 genes)
LPAR1	Complement + Complement PPI InWeb (545 genes)
LPAR2	Complement + Complement PPI InWeb (545 genes)
LPAR3	Complement + Complement PPI InWeb (545 genes)
LPAR4	Complement + Complement PPI InWeb (545 genes)
LPAR5	Complement + Complement PPI InWeb (545 genes)
LPAR6	Complement + Complement PPI InWeb (545 genes)
LTB4R	Complement + Complement PPI InWeb (545 genes)
LTB4R2	Complement + Complement PPI InWeb (545 genes)
MCFD2	Complement + Complement PPI InWeb (545 genes)
MCHR1	Complement + Complement PPI InWeb (545 genes)
MCHR2	Complement + Complement PPI InWeb (545 genes)
MFAP2	Complement + Complement PPI InWeb (545 genes)
MFAP5	Complement + Complement PPI InWeb (545 genes)
MLN	Complement + Complement PPI InWeb (545 genes)
MLNR	Complement + Complement PPI InWeb (545 genes)
MMP1	Complement + Complement PPI InWeb (545 genes)
MPRIP	Complement + Complement PPI InWeb (545 genes)
MTNR1A	Complement + Complement PPI InWeb (545 genes)
MTNR1B	Complement + Complement PPI InWeb (545 genes)
NID1	Complement + Complement PPI InWeb (545 genes)
NMB	Complement + Complement PPI InWeb (545 genes)
NMBR	Complement + Complement PPI InWeb (545 genes)
NMS	Complement + Complement PPI InWeb (545 genes)
NMU	Complement + Complement PPI InWeb (545 genes)
NMUR1	Complement + Complement PPI InWeb (545 genes)
NMUR2	Complement + Complement PPI InWeb (545 genes)
NPB	Complement + Complement PPI InWeb (545 genes)
NPBWR1	Complement + Complement PPI InWeb (545 genes)
NPBWR2	Complement + Complement PPI InWeb (545 genes)
NPFF	Complement + Complement PPI InWeb (545 genes)
NPFFR1	Complement + Complement PPI InWeb (545 genes)
NPFFR2	Complement + Complement PPI InWeb (545 genes)
NPS	Complement + Complement PPI InWeb (545 genes)
NPSR1	Complement + Complement PPI InWeb (545 genes)
NPW	Complement + Complement PPI InWeb (545 genes)
NPY	Complement + Complement PPI InWeb (545 genes)
NPY1R	Complement + Complement PPI InWeb (545 genes)
NPY2R	Complement + Complement PPI InWeb (545 genes)
NPY4R	Complement + Complement PPI InWeb (545 genes)
NPY5R	Complement + Complement PPI InWeb (545 genes)
NTS	Complement + Complement PPI InWeb (545 genes)
NTSR1	Complement + Complement PPI InWeb (545 genes)
NTSR2	Complement + Complement PPI InWeb (545 genes)
OPN4	Complement + Complement PPI InWeb (545 genes)
OPRD1	Complement + Complement PPI InWeb (545 genes)
OPRK1	Complement + Complement PPI InWeb (545 genes)
OPRL1	Complement + Complement PPI InWeb (545 genes)
OPRM1	Complement + Complement PPI InWeb (545 genes)
OXER1	Complement + Complement PPI InWeb (545 genes)
OXGR1	Complement + Complement PPI InWeb (545 genes)
OXT	Complement + Complement PPI InWeb (545 genes)
OXTR	Complement + Complement PPI InWeb (545 genes)
P2RY1	Complement + Complement PPI InWeb (545 genes)
P2RY10	Complement + Complement PPI InWeb (545 genes)
P2RY11	Complement + Complement PPI InWeb (545 genes)
P2RY12	Complement + Complement PPI InWeb (545 genes)
P2RY13	Complement + Complement PPI InWeb (545 genes)
P2RY14	Complement + Complement PPI InWeb (545 genes)
P2RY2	Complement + Complement PPI InWeb (545 genes)
P2RY4	Complement + Complement PPI InWeb (545 genes)
P2RY6	Complement + Complement PPI InWeb (545 genes)
PDYN	Complement + Complement PPI InWeb (545 genes)
PENK	Complement + Complement PPI InWeb (545 genes)
PF4	Complement + Complement PPI InWeb (545 genes)
PLEC	Complement + Complement PPI InWeb (545 genes)
PMCH	Complement + Complement PPI InWeb (545 genes)
PNOC	Complement + Complement PPI InWeb (545 genes)
POFUT2	Complement + Complement PPI InWeb (545 genes)
POMC	Complement + Complement PPI InWeb (545 genes)
PPBP	Complement + Complement PPI InWeb (545 genes)
PPY	Complement + Complement PPI InWeb (545 genes)
PROC	Complement + Complement PPI InWeb (545 genes)
PROCR	Complement + Complement PPI InWeb (545 genes)
PROK1	Complement + Complement PPI InWeb (545 genes)
PROK2	Complement + Complement PPI InWeb (545 genes)
PROKR1	Complement + Complement PPI InWeb (545 genes)
PROKR2	Complement + Complement PPI InWeb (545 genes)
PROS1	Complement + Complement PPI InWeb (545 genes)
PTAFR	Complement + Complement PPI InWeb (545 genes)
PTGDR2	Complement + Complement PPI InWeb (545 genes)
PTGER1	Complement + Complement PPI InWeb (545 genes)
PTGER3	Complement + Complement PPI InWeb (545 genes)
PTGFR	Complement + Complement PPI InWeb (545 genes)
PTPN11	Complement + Complement PPI InWeb (545 genes)
PYY	Complement + Complement PPI InWeb (545 genes)
QRFP	Complement + Complement PPI InWeb (545 genes)
QRFPR	Complement + Complement PPI InWeb (545 genes)
RAB1A	Complement + Complement PPI InWeb (545 genes)
RAB1B	Complement + Complement PPI InWeb (545 genes)
RACGAP1	Complement + Complement PPI InWeb (545 genes)
RLN3	Complement + Complement PPI InWeb (545 genes)
RXFP3	Complement + Complement PPI InWeb (545 genes)
RXFP4	Complement + Complement PPI InWeb (545 genes)
S1PR1	Complement + Complement PPI InWeb (545 genes)
S1PR2	Complement + Complement PPI InWeb (545 genes)
S1PR3	Complement + Complement PPI InWeb (545 genes)
S1PR4	Complement + Complement PPI InWeb (545 genes)
S1PR5	Complement + Complement PPI InWeb (545 genes)
SAA1	Complement + Complement PPI InWeb (545 genes)
SAR1B	Complement + Complement PPI InWeb (545 genes)
SCFD1	Complement + Complement PPI InWeb (545 genes)
SDC1	Complement + Complement PPI InWeb (545 genes)
SDC2	Complement + Complement PPI InWeb (545 genes)
SDC4	Complement + Complement PPI InWeb (545 genes)
SEC13	Complement + Complement PPI InWeb (545 genes)
SEC16A	Complement + Complement PPI InWeb (545 genes)
SEC16B	Complement + Complement PPI InWeb (545 genes)
SEC23A	Complement + Complement PPI InWeb (545 genes)
SEC23IP	Complement + Complement PPI InWeb (545 genes)
SEC24A	Complement + Complement PPI InWeb (545 genes)
SEC24B	Complement + Complement PPI InWeb (545 genes)
SEC24C	Complement + Complement PPI InWeb (545 genes)
SEC24D	Complement + Complement PPI InWeb (545 genes)
SEC31A	Complement + Complement PPI InWeb (545 genes)
SERPINA1	Complement + Complement PPI InWeb (545 genes)
SERPINC1	Complement + Complement PPI InWeb (545 genes)
SERPIND1	Complement + Complement PPI InWeb (545 genes)
SERPINE1	Complement + Complement PPI InWeb (545 genes)
SERPINE2	Complement + Complement PPI InWeb (545 genes)
SERPINF2	Complement + Complement PPI InWeb (545 genes)
SHC1	Complement + Complement PPI InWeb (545 genes)
SMU1	Complement + Complement PPI InWeb (545 genes)
SNRPD2	Complement + Complement PPI InWeb (545 genes)
SOS1	Complement + Complement PPI InWeb (545 genes)
SPTA1	Complement + Complement PPI InWeb (545 genes)
SPTAN1	Complement + Complement PPI InWeb (545 genes)
SPTB	Complement + Complement PPI InWeb (545 genes)
SPTBN1	Complement + Complement PPI InWeb (545 genes)
SPTBN2	Complement + Complement PPI InWeb (545 genes)
SPTBN4	Complement + Complement PPI InWeb (545 genes)
SPTBN5	Complement + Complement PPI InWeb (545 genes)
SST	Complement + Complement PPI InWeb (545 genes)
SSTR1	Complement + Complement PPI InWeb (545 genes)
SSTR2	Complement + Complement PPI InWeb (545 genes)
SSTR3	Complement + Complement PPI InWeb (545 genes)
SSTR4	Complement + Complement PPI InWeb (545 genes)
SSTR5	Complement + Complement PPI InWeb (545 genes)
STX5	Complement + Complement PPI InWeb (545 genes)
SUCNR1	Complement + Complement PPI InWeb (545 genes)
TAC1	Complement + Complement PPI InWeb (545 genes)
TAC3	Complement + Complement PPI InWeb (545 genes)
TACR1	Complement + Complement PPI InWeb (545 genes)
TACR2	Complement + Complement PPI InWeb (545 genes)
TACR3	Complement + Complement PPI InWeb (545 genes)
TAS2R1	Complement + Complement PPI InWeb (545 genes)
TAS2R10	Complement + Complement PPI InWeb (545 genes)
TAS2R13	Complement + Complement PPI InWeb (545 genes)
TAS2R14	Complement + Complement PPI InWeb (545 genes)
TAS2R16	Complement + Complement PPI InWeb (545 genes)
TAS2R19	Complement + Complement PPI InWeb (545 genes)
TAS2R20	Complement + Complement PPI InWeb (545 genes)
TAS2R3	Complement + Complement PPI InWeb (545 genes)
TAS2R31	Complement + Complement PPI InWeb (545 genes)
TAS2R38	Complement + Complement PPI InWeb (545 genes)
TAS2R39	Complement + Complement PPI InWeb (545 genes)
TAS2R4	Complement + Complement PPI InWeb (545 genes)
TAS2R40	Complement + Complement PPI InWeb (545 genes)
TAS2R41	Complement + Complement PPI InWeb (545 genes)
TAS2R42	Complement + Complement PPI InWeb (545 genes)
TAS2R43	Complement + Complement PPI InWeb (545 genes)
TAS2R46	Complement + Complement PPI InWeb (545 genes)
TAS2R5	Complement + Complement PPI InWeb (545 genes)
TAS2R50	Complement + Complement PPI InWeb (545 genes)
TAS2R60	Complement + Complement PPI InWeb (545 genes)
TAS2R7	Complement + Complement PPI InWeb (545 genes)
TAS2R8	Complement + Complement PPI InWeb (545 genes)
TAS2R9	Complement + Complement PPI InWeb (545 genes)
TBXA2R	Complement + Complement PPI InWeb (545 genes)
TFG	Complement + Complement PPI InWeb (545 genes)
TGFA	Complement + Complement PPI InWeb (545 genes)
THBD	Complement + Complement PPI InWeb (545 genes)
TMED10	Complement + Complement PPI InWeb (545 genes)
TMED2	Complement + Complement PPI InWeb (545 genes)
TMED3	Complement + Complement PPI InWeb (545 genes)
TMED7	Complement + Complement PPI InWeb (545 genes)
TMED9	Complement + Complement PPI InWeb (545 genes)
TMEM115	Complement + Complement PPI InWeb (545 genes)
TNC	Complement + Complement PPI InWeb (545 genes)
TRAPPC1	Complement + Complement PPI InWeb (545 genes)
TRAPPC10	Complement + Complement PPI InWeb (545 genes)
TRAPPC2	Complement + Complement PPI InWeb (545 genes)
TRAPPC2L	Complement + Complement PPI InWeb (545 genes)
TRAPPC3	Complement + Complement PPI InWeb (545 genes)
TRAPPC4	Complement + Complement PPI InWeb (545 genes)
TRAPPC5	Complement + Complement PPI InWeb (545 genes)
TRAPPC6A	Complement + Complement PPI InWeb (545 genes)
TRAPPC6B	Complement + Complement PPI InWeb (545 genes)
TRAPPC9	Complement + Complement PPI InWeb (545 genes)
TRH	Complement + Complement PPI InWeb (545 genes)
TRHR	Complement + Complement PPI InWeb (545 genes)
UBC	Complement + Complement PPI InWeb (545 genes)
USO1	Complement + Complement PPI InWeb (545 genes)
UTS2	Complement + Complement PPI InWeb (545 genes)
UTS2B	Complement + Complement PPI InWeb (545 genes)
UTS2R	Complement + Complement PPI InWeb (545 genes)
VAV2	Complement + Complement PPI InWeb (545 genes)
VAV3	Complement + Complement PPI InWeb (545 genes)
VWF	Complement + Complement PPI InWeb (545 genes)
XCL1	Complement + Complement PPI InWeb (545 genes)
XCL2	Complement + Complement PPI InWeb (545 genes)
XCR1	Complement + Complement PPI InWeb (545 genes)
XRCC6	Complement + Complement PPI InWeb (545 genes)
YKT6	Complement + Complement PPI InWeb (545 genes)
